{
	"folders": {},
	"connections": {
		"sqlite_jdbc-18da7318389-2c53c205c4d09181": {
			"provider": "sqlite",
			"driver": "sqlite_jdbc",
			"name": "W05Exercise1",
			"save-password": true,
			"configuration": {
				"database": "/home/oq1/Documents/CS1003/Exercises/W05Exercises/W05Exercise1",
				"url": "jdbc:sqlite:/home/oq1/Documents/CS1003/Exercises/W05Exercises/W05Exercise1",
				"configurationType": "MANUAL",
				"type": "dev",
				"auth-model": "native"
			}
		},
		"sqlite_jdbc-18da76774c8-56e70fa268422819": {
			"provider": "sqlite",
			"driver": "sqlite_jdbc",
			"name": "W05Exercise2",
			"save-password": true,
			"configuration": {
				"database": "/home/oq1/Documents/CS1003/Exercises/W05Exercises/W05Exercise2",
				"url": "jdbc:sqlite:/home/oq1/Documents/CS1003/Exercises/W05Exercises/W05Exercise2",
				"configurationType": "MANUAL",
				"type": "dev",
				"auth-model": "native"
			}
		}
	},
	"connection-types": {
		"dev": {
			"name": "Development",
			"color": "255,255,255",
			"description": "Regular development database",
			"auto-commit": true,
			"confirm-execute": false,
			"confirm-data-change": false,
			"smart-commit": false,
			"smart-commit-recover": false,
			"auto-close-transactions": true,
			"close-transactions-period": 1800
		}
	}
}